MN102376.1_Vibrio_phage_vB_VpS_CA8,_complete_genome	MN102376	100.000	0.171
MN102376.1_Vibrio_phage_vB_VpS_CA8,_complete_genome	MN102376	100.000	0.171
MN102376.1_Vibrio_phage_vB_VpS_CA8,_complete_genome	MN102376	100.000	0.171
MN102376.1_Vibrio_phage_vB_VpS_CA8,_complete_genome	MN102376	100.000	0.171
MN102376.1_Vibrio_phage_vB_VpS_CA8,_complete_genome	MN102376	100.000	0.171
MN102376.1_Vibrio_phage_vB_VpS_CA8,_complete_genome	MN175679	98.300	0.169
MN102376.1_Vibrio_phage_vB_VpS_CA8,_complete_genome	MH925093	97.800	0.171
MN102376.1_Vibrio_phage_vB_VpS_CA8,_complete_genome	OK349507	97.100	0.162
MN102376.1_Vibrio_phage_vB_VpS_CA8,_complete_genome	MN102376	100.000	0.145
MN102376.1_Vibrio_phage_vB_VpS_CA8,_complete_genome	MH925093	97.000	0.155
MN102376.1_Vibrio_phage_vB_VpS_CA8,_complete_genome	MW423737	98.000	0.149
MN102376.1_Vibrio_phage_vB_VpS_CA8,_complete_genome	MN175679	96.900	0.153
MN102376.1_Vibrio_phage_vB_VpS_CA8,_complete_genome	OK349507	97.400	0.149
MN102376.1_Vibrio_phage_vB_VpS_CA8,_complete_genome	MN175679	97.300	0.149
MN102376.1_Vibrio_phage_vB_VpS_CA8,_complete_genome	MW423737	97.500	0.127
MN102376.1_Vibrio_phage_vB_VpS_CA8,_complete_genome	MT135025	95.800	0.133
MN102376.1_Vibrio_phage_vB_VpS_CA8,_complete_genome	MH925093	97.400	0.114
MN102376.1_Vibrio_phage_vB_VpS_CA8,_complete_genome	MN175679	97.800	0.108
MN102376.1_Vibrio_phage_vB_VpS_CA8,_complete_genome	MN175679	89.300	0.132
MN102376.1_Vibrio_phage_vB_VpS_CA8,_complete_genome	MH925093	89.200	0.132
MN102376.1_Vibrio_phage_vB_VpS_CA8,_complete_genome	MW423739	98.200	0.100
MN102376.1_Vibrio_phage_vB_VpS_CA8,_complete_genome	OK349507	98.400	0.099
MN102376.1_Vibrio_phage_vB_VpS_CA8,_complete_genome	MT135025	97.900	0.093
MN102376.1_Vibrio_phage_vB_VpS_CA8,_complete_genome	MW423738	98.000	0.086
MN102376.1_Vibrio_phage_vB_VpS_CA8,_complete_genome	MW423738	87.500	0.111
MN102376.1_Vibrio_phage_vB_VpS_CA8,_complete_genome	MN175679	97.600	0.081
MN102376.1_Vibrio_phage_vB_VpS_CA8,_complete_genome	OK349507	88.800	0.089
MN102376.1_Vibrio_phage_vB_VpS_CA8,_complete_genome	MT135025	88.300	0.091
MN102376.1_Vibrio_phage_vB_VpS_CA8,_complete_genome	MW423739	95.700	0.071
MN102376.1_Vibrio_phage_vB_VpS_CA8,_complete_genome	MH925093	95.100	0.061
MN102376.1_Vibrio_phage_vB_VpS_CA8,_complete_genome	OK349507	96.500	0.054
MN102376.1_Vibrio_phage_vB_VpS_CA8,_complete_genome	OK349507	98.000	0.051
MN102376.1_Vibrio_phage_vB_VpS_CA8,_complete_genome	MW423738	94.900	0.047
MN102376.1_Vibrio_phage_vB_VpS_CA8,_complete_genome	MW423739	97.400	0.040
MN102376.1_Vibrio_phage_vB_VpS_CA8,_complete_genome	MT135025	88.900	0.048
MN102376.1_Vibrio_phage_vB_VpS_CA8,_complete_genome	MT135025	96.200	0.037
MN102376.1_Vibrio_phage_vB_VpS_CA8,_complete_genome	MT135025	82.200	0.059
MN102376.1_Vibrio_phage_vB_VpS_CA8,_complete_genome	MT135025	87.000	0.036
MN102376.1_Vibrio_phage_vB_VpS_CA8,_complete_genome	MW423737	89.100	0.030
MN102376.1_Vibrio_phage_vB_VpS_CA8,_complete_genome	MW423737	97.800	0.022
MN102376.1_Vibrio_phage_vB_VpS_CA8,_complete_genome	MW423739	96.900	0.022
MN102376.1_Vibrio_phage_vB_VpS_CA8,_complete_genome	MT135025	85.600	0.028
MN102376.1_Vibrio_phage_vB_VpS_CA8,_complete_genome	MT135025	92.600	0.019
MN102376.1_Vibrio_phage_vB_VpS_CA8,_complete_genome	MW423737	96.700	0.014
MN102376.1_Vibrio_phage_vB_VpS_CA8,_complete_genome	MT135024	96.100	0.014
MN102376.1_Vibrio_phage_vB_VpS_CA8,_complete_genome	ON457559	73.100	0.038
MN102376.1_Vibrio_phage_vB_VpS_CA8,_complete_genome	ON457558	73.400	0.036
MN102376.1_Vibrio_phage_vB_VpS_CA8,_complete_genome	OK349507	97.200	0.013
MN102376.1_Vibrio_phage_vB_VpS_CA8,_complete_genome	MT135025	82.300	0.019
MN102376.1_Vibrio_phage_vB_VpS_CA8,_complete_genome	MT795651	69.100	0.049
MN102376.1_Vibrio_phage_vB_VpS_CA8,_complete_genome	ON457559	76.300	0.026
MN102376.1_Vibrio_phage_vB_VpS_CA8,_complete_genome	ON457558	76.300	0.026
MN102376.1_Vibrio_phage_vB_VpS_CA8,_complete_genome	KX198614	75.600	0.026
MN102376.1_Vibrio_phage_vB_VpS_CA8,_complete_genome	MW114771	74.700	0.026
MN102376.1_Vibrio_phage_vB_VpS_CA8,_complete_genome	OK349507	99.600	0.009
MN102376.1_Vibrio_phage_vB_VpS_CA8,_complete_genome	MT795651	74.900	0.019
MN102376.1_Vibrio_phage_vB_VpS_CA8,_complete_genome	OK349507	100.000	0.007
MN102376.1_Vibrio_phage_vB_VpS_CA8,_complete_genome	ON457558	72.200	0.020
MN102376.1_Vibrio_phage_vB_VpS_CA8,_complete_genome	MT795651	78.800	0.012
MN102376.1_Vibrio_phage_vB_VpS_CA8,_complete_genome	MT135025	81.300	0.011
MN102376.1_Vibrio_phage_vB_VpS_CA8,_complete_genome	ON457559	72.300	0.019
MN102376.1_Vibrio_phage_vB_VpS_CA8,_complete_genome	MZ592922	73.100	0.016
MN102376.1_Vibrio_phage_vB_VpS_CA8,_complete_genome	MG602476	72.900	0.016
MN102376.1_Vibrio_phage_vB_VpS_CA8,_complete_genome	KX198614	72.400	0.016
MN102376.1_Vibrio_phage_vB_VpS_CA8,_complete_genome	HG992588	71.500	0.017
MN102376.1_Vibrio_phage_vB_VpS_CA8,_complete_genome	MH599087	72.900	0.015
MN102376.1_Vibrio_phage_vB_VpS_CA8,_complete_genome	MW451246	71.200	0.017
MN102376.1_Vibrio_phage_vB_VpS_CA8,_complete_genome	MF754114	72.300	0.015
MN102376.1_Vibrio_phage_vB_VpS_CA8,_complete_genome	MF754113	72.300	0.015
MN102376.1_Vibrio_phage_vB_VpS_CA8,_complete_genome	MG893203	72.100	0.015
MN102376.1_Vibrio_phage_vB_VpS_CA8,_complete_genome	ON457559	71.200	0.016
MN102376.1_Vibrio_phage_vB_VpS_CA8,_complete_genome	ON457558	71.200	0.016
MN102376.1_Vibrio_phage_vB_VpS_CA8,_complete_genome	MW114771	72.700	0.014
MN102376.1_Vibrio_phage_vB_VpS_CA8,_complete_genome	KX198614	75.400	0.011
MN102376.1_Vibrio_phage_vB_VpS_CA8,_complete_genome	MT795651	75.700	0.011
MN102376.1_Vibrio_phage_vB_VpS_CA8,_complete_genome	MW423738	85.400	0.007
MN102376.1_Vibrio_phage_vB_VpS_CA8,_complete_genome	OP331229	66.900	0.021
MN102376.1_Vibrio_phage_vB_VpS_CA8,_complete_genome	MW451249	66.900	0.021
MN102376.1_Vibrio_phage_vB_VpS_CA8,_complete_genome	OK349507	90.000	0.004
MN102376.1_Vibrio_phage_vB_VpS_CA8,_complete_genome	MT345684	71.400	0.010
MN102376.1_Vibrio_phage_vB_VpS_CA8,_complete_genome	NC_048878	71.400	0.010
MN102376.1_Vibrio_phage_vB_VpS_CA8,_complete_genome	MH599087	68.700	0.013
MN102376.1_Vibrio_phage_vB_VpS_CA8,_complete_genome	MZ818790	70.300	0.010
MN102376.1_Vibrio_phage_vB_VpS_CA8,_complete_genome	OL314400	70.300	0.010
MN102376.1_Vibrio_phage_vB_VpS_CA8,_complete_genome	MH925090	69.900	0.010
MN102376.1_Vibrio_phage_vB_VpS_CA8,_complete_genome	ON911540	70.600	0.009
MN102376.1_Vibrio_phage_vB_VpS_CA8,_complete_genome	KX898400	70.900	0.009
MN102376.1_Vibrio_phage_vB_VpS_CA8,_complete_genome	OP784576	70.500	0.009
MN102376.1_Vibrio_phage_vB_VpS_CA8,_complete_genome	MN175679	100.000	0.002
MN102376.1_Vibrio_phage_vB_VpS_CA8,_complete_genome	MN175679	90.100	0.003
MN102376.1_Vibrio_phage_vB_VpS_CA8,_complete_genome	KX198614	83.700	0.004
MN102376.1_Vibrio_phage_vB_VpS_CA8,_complete_genome	OP882271	69.200	0.009
MN102376.1_Vibrio_phage_vB_VpS_CA8,_complete_genome	KX198614	67.300	0.011
MN102376.1_Vibrio_phage_vB_VpS_CA8,_complete_genome	OK349507	99.200	0.002
MN102376.1_Vibrio_phage_vB_VpS_CA8,_complete_genome	OM386652	68.200	0.011
MN102376.1_Vibrio_phage_vB_VpS_CA8,_complete_genome	MW057861	70.600	0.008
MN102376.1_Vibrio_phage_vB_VpS_CA8,_complete_genome	ON922918	70.700	0.008
MN102376.1_Vibrio_phage_vB_VpS_CA8,_complete_genome	MK165087	68.200	0.011
MN102376.1_Vibrio_phage_vB_VpS_CA8,_complete_genome	MN175679	98.400	0.002
MN102376.1_Vibrio_phage_vB_VpS_CA8,_complete_genome	MN175679	98.400	0.002
MN102376.1_Vibrio_phage_vB_VpS_CA8,_complete_genome	KX198614	73.300	0.006
MN102376.1_Vibrio_phage_vB_VpS_CA8,_complete_genome	MW114771	69.500	0.009
MN102376.1_Vibrio_phage_vB_VpS_CA8,_complete_genome	MG948468	69.300	0.009
MN102376.1_Vibrio_phage_vB_VpS_CA8,_complete_genome	NC_042120	69.300	0.009
MN102376.1_Vibrio_phage_vB_VpS_CA8,_complete_genome	MK373794	71.700	0.007
MN102376.1_Vibrio_phage_vB_VpS_CA8,_complete_genome	MZ501057	69.200	0.009
MN102376.1_Vibrio_phage_vB_VpS_CA8,_complete_genome	MK373795	71.200	0.007
MN102376.1_Vibrio_phage_vB_VpS_CA8,_complete_genome	MT795651	81.900	0.004
MN102376.1_Vibrio_phage_vB_VpS_CA8,_complete_genome	NC_028997	71.500	0.007
MN102376.1_Vibrio_phage_vB_VpS_CA8,_complete_genome	KP719133	71.500	0.007
MN102376.1_Vibrio_phage_vB_VpS_CA8,_complete_genome	NC_029021	71.800	0.007
MN102376.1_Vibrio_phage_vB_VpS_CA8,_complete_genome	KP719134	71.800	0.007
MN102376.1_Vibrio_phage_vB_VpS_CA8,_complete_genome	OL960573	70.000	0.008
MN102376.1_Vibrio_phage_vB_VpS_CA8,_complete_genome	MZ501112	72.100	0.007
MN102376.1_Vibrio_phage_vB_VpS_CA8,_complete_genome	MG948468	75.300	0.005
MN102376.1_Vibrio_phage_vB_VpS_CA8,_complete_genome	NC_042120	75.300	0.005
MN102376.1_Vibrio_phage_vB_VpS_CA8,_complete_genome	MT345684	71.100	0.007
MN102376.1_Vibrio_phage_vB_VpS_CA8,_complete_genome	NC_048878	71.100	0.007
MN102376.1_Vibrio_phage_vB_VpS_CA8,_complete_genome	NC_029028	71.600	0.007
MN102376.1_Vibrio_phage_vB_VpS_CA8,_complete_genome	KP719132	71.600	0.007
MN102376.1_Vibrio_phage_vB_VpS_CA8,_complete_genome	MT682705	71.500	0.007
MN102376.1_Vibrio_phage_vB_VpS_CA8,_complete_genome	MW114771	70.300	0.008
MN102376.1_Vibrio_phage_vB_VpS_CA8,_complete_genome	MZ501071	71.900	0.007
MN102376.1_Vibrio_phage_vB_VpS_CA8,_complete_genome	MZ501110	71.900	0.007
MN102376.1_Vibrio_phage_vB_VpS_CA8,_complete_genome	MZ501104	71.900	0.007
MN102376.1_Vibrio_phage_vB_VpS_CA8,_complete_genome	KX129925	71.000	0.007
MN102376.1_Vibrio_phage_vB_VpS_CA8,_complete_genome	NC_031058	71.000	0.007
MN102376.1_Vibrio_phage_vB_VpS_CA8,_complete_genome	MZ501068	71.400	0.007
MN102376.1_Vibrio_phage_vB_VpS_CA8,_complete_genome	OL960575	71.700	0.007
MN102376.1_Vibrio_phage_vB_VpS_CA8,_complete_genome	MZ501068	72.000	0.006
MN102376.1_Vibrio_phage_vB_VpS_CA8,_complete_genome	MG948468	70.400	0.007
MN102376.1_Vibrio_phage_vB_VpS_CA8,_complete_genome	NC_042120	70.400	0.007
MN102376.1_Vibrio_phage_vB_VpS_CA8,_complete_genome	MW057856	71.500	0.007
MN102376.1_Vibrio_phage_vB_VpS_CA8,_complete_genome	MT682705	69.200	0.008
MN102376.1_Vibrio_phage_vB_VpS_CA8,_complete_genome	NC_024146	70.500	0.007
MN102376.1_Vibrio_phage_vB_VpS_CA8,_complete_genome	KJ419279	70.500	0.007
MN102376.1_Vibrio_phage_vB_VpS_CA8,_complete_genome	KM236243	73.200	0.006
MN102376.1_Vibrio_phage_vB_VpS_CA8,_complete_genome	NC_027378	73.200	0.006
MN102376.1_Vibrio_phage_vB_VpS_CA8,_complete_genome	ON457559	80.900	0.003
MN102376.1_Vibrio_phage_vB_VpS_CA8,_complete_genome	ON457558	80.900	0.003
MN102376.1_Vibrio_phage_vB_VpS_CA8,_complete_genome	MZ501091	71.200	0.007
MN102376.1_Vibrio_phage_vB_VpS_CA8,_complete_genome	LR025197	71.200	0.007
MN102376.1_Vibrio_phage_vB_VpS_CA8,_complete_genome	KY926791	70.800	0.007
MN102376.1_Vibrio_phage_vB_VpS_CA8,_complete_genome	NC_042025	70.800	0.007
MN102376.1_Vibrio_phage_vB_VpS_CA8,_complete_genome	MT682705	73.400	0.006
MN102376.1_Vibrio_phage_vB_VpS_CA8,_complete_genome	ON922918	73.400	0.006
MN102376.1_Vibrio_phage_vB_VpS_CA8,_complete_genome	JQ067084	70.300	0.007
MN102376.1_Vibrio_phage_vB_VpS_CA8,_complete_genome	NC_041953	70.300	0.007
MN102376.1_Vibrio_phage_vB_VpS_CA8,_complete_genome	MZ501091	72.900	0.006
MN102376.1_Vibrio_phage_vB_VpS_CA8,_complete_genome	LT907986	72.900	0.006
MN102376.1_Vibrio_phage_vB_VpS_CA8,_complete_genome	LR025196	72.900	0.006
MN102376.1_Vibrio_phage_vB_VpS_CA8,_complete_genome	MK672798	73.300	0.005
MN102376.1_Vibrio_phage_vB_VpS_CA8,_complete_genome	MZ501104	72.900	0.006
MN102376.1_Vibrio_phage_vB_VpS_CA8,_complete_genome	LR025198	72.900	0.006
MN102376.1_Vibrio_phage_vB_VpS_CA8,_complete_genome	LR025195	72.900	0.006
MN102376.1_Vibrio_phage_vB_VpS_CA8,_complete_genome	NC_028831	72.900	0.006
MN102376.1_Vibrio_phage_vB_VpS_CA8,_complete_genome	LN881725	72.900	0.006
MN102376.1_Vibrio_phage_vB_VpS_CA8,_complete_genome	JQ067084	75.700	0.005
MN102376.1_Vibrio_phage_vB_VpS_CA8,_complete_genome	NC_041953	75.700	0.005
MN102376.1_Vibrio_phage_vB_VpS_CA8,_complete_genome	LR025198	70.900	0.007
MN102376.1_Vibrio_phage_vB_VpS_CA8,_complete_genome	LR025195	70.900	0.007
MN102376.1_Vibrio_phage_vB_VpS_CA8,_complete_genome	OL960573	70.900	0.007
MN102376.1_Vibrio_phage_vB_VpS_CA8,_complete_genome	MN504636	75.200	0.005
MN102376.1_Vibrio_phage_vB_VpS_CA8,_complete_genome	KX129925	76.800	0.004
MN102376.1_Vibrio_phage_vB_VpS_CA8,_complete_genome	NC_031058	76.800	0.004
MN102376.1_Vibrio_phage_vB_VpS_CA8,_complete_genome	NC_026610	66.500	0.011
MN102376.1_Vibrio_phage_vB_VpS_CA8,_complete_genome	KM378617	66.500	0.011
MN102376.1_Vibrio_phage_vB_VpS_CA8,_complete_genome	KX898399	69.100	0.008
MN102376.1_Vibrio_phage_vB_VpS_CA8,_complete_genome	MK672798	71.200	0.006
MN102376.1_Vibrio_phage_vB_VpS_CA8,_complete_genome	KP064094	71.200	0.006
MN102376.1_Vibrio_phage_vB_VpS_CA8,_complete_genome	NC_028776	71.200	0.006
MN102376.1_Vibrio_phage_vB_VpS_CA8,_complete_genome	ON457559	66.900	0.011
MN102376.1_Vibrio_phage_vB_VpS_CA8,_complete_genome	ON457558	66.900	0.011
MN102376.1_Vibrio_phage_vB_VpS_CA8,_complete_genome	KP064094	73.000	0.005
MN102376.1_Vibrio_phage_vB_VpS_CA8,_complete_genome	NC_028776	73.000	0.005
MN102376.1_Vibrio_phage_vB_VpS_CA8,_complete_genome	OL960575	72.600	0.006
MN102376.1_Vibrio_phage_vB_VpS_CA8,_complete_genome	LR025197	72.600	0.006
MN102376.1_Vibrio_phage_vB_VpS_CA8,_complete_genome	KX534337	70.700	0.007
MN102376.1_Vibrio_phage_vB_VpS_CA8,_complete_genome	NC_042137	72.800	0.006
MN102376.1_Vibrio_phage_vB_VpS_CA8,_complete_genome	LN890663	72.800	0.006
MN102376.1_Vibrio_phage_vB_VpS_CA8,_complete_genome	ON457559	69.200	0.008
MN102376.1_Vibrio_phage_vB_VpS_CA8,_complete_genome	ON457558	69.200	0.008
MN102376.1_Vibrio_phage_vB_VpS_CA8,_complete_genome	KX534337	68.700	0.008
MN102376.1_Vibrio_phage_vB_VpS_CA8,_complete_genome	NC_029028	67.400	0.009
MN102376.1_Vibrio_phage_vB_VpS_CA8,_complete_genome	KP719132	67.400	0.009
MN102376.1_Vibrio_phage_vB_VpS_CA8,_complete_genome	MW057856	72.200	0.006
MN102376.1_Vibrio_phage_vB_VpS_CA8,_complete_genome	MW114771	70.200	0.007
MN102376.1_Vibrio_phage_vB_VpS_CA8,_complete_genome	NC_028997	72.800	0.006
MN102376.1_Vibrio_phage_vB_VpS_CA8,_complete_genome	KP719133	72.800	0.006
MN102376.1_Vibrio_phage_vB_VpS_CA8,_complete_genome	OL539454	69.900	0.007
MN102376.1_Vibrio_phage_vB_VpS_CA8,_complete_genome	MZ501104	66.900	0.011
MN102376.1_Vibrio_phage_vB_VpS_CA8,_complete_genome	MW835180	68.700	0.008
MN102376.1_Vibrio_phage_vB_VpS_CA8,_complete_genome	LR025196	70.300	0.007
MN102376.1_Vibrio_phage_vB_VpS_CA8,_complete_genome	NC_029021	72.600	0.006
MN102376.1_Vibrio_phage_vB_VpS_CA8,_complete_genome	KP719134	72.600	0.006
MN102376.1_Vibrio_phage_vB_VpS_CA8,_complete_genome	NC_029028	72.600	0.006
MN102376.1_Vibrio_phage_vB_VpS_CA8,_complete_genome	KP719132	72.600	0.006
MN102376.1_Vibrio_phage_vB_VpS_CA8,_complete_genome	MZ501071	72.000	0.006
MN102376.1_Vibrio_phage_vB_VpS_CA8,_complete_genome	MT795651	65.500	0.013
MN102376.1_Vibrio_phage_vB_VpS_CA8,_complete_genome	MZ501057	71.900	0.006
MN102376.1_Vibrio_phage_vB_VpS_CA8,_complete_genome	MK373795	71.600	0.006
MN102376.1_Vibrio_phage_vB_VpS_CA8,_complete_genome	MW057861	71.600	0.005
MN102376.1_Vibrio_phage_vB_VpS_CA8,_complete_genome	MK165087	72.300	0.006
MN102376.1_Vibrio_phage_vB_VpS_CA8,_complete_genome	NC_024146	71.500	0.006
MN102376.1_Vibrio_phage_vB_VpS_CA8,_complete_genome	KJ419279	71.500	0.006
MN102376.1_Vibrio_phage_vB_VpS_CA8,_complete_genome	MK165087	79.100	0.003
MN102376.1_Vibrio_phage_vB_VpS_CA8,_complete_genome	KY926791	71.600	0.006
MN102376.1_Vibrio_phage_vB_VpS_CA8,_complete_genome	NC_042025	71.600	0.006
MN102376.1_Vibrio_phage_vB_VpS_CA8,_complete_genome	MK373794	71.300	0.006
MN102376.1_Vibrio_phage_vB_VpS_CA8,_complete_genome	MH362766	70.300	0.006
MN102376.1_Vibrio_phage_vB_VpS_CA8,_complete_genome	OM386652	71.700	0.006
MN102376.1_Vibrio_phage_vB_VpS_CA8,_complete_genome	MW151244	70.800	0.006
MN102376.1_Vibrio_phage_vB_VpS_CA8,_complete_genome	OL539454	71.800	0.005
MN102376.1_Vibrio_phage_vB_VpS_CA8,_complete_genome	MW114771	72.600	0.005
MN102376.1_Vibrio_phage_vB_VpS_CA8,_complete_genome	NC_026608	70.200	0.007
MN102376.1_Vibrio_phage_vB_VpS_CA8,_complete_genome	KP162168	70.200	0.007
MN102376.1_Vibrio_phage_vB_VpS_CA8,_complete_genome	MZ501068	71.000	0.006
MN102376.1_Vibrio_phage_vB_VpS_CA8,_complete_genome	EF523948	67.200	0.008
MN102376.1_Vibrio_phage_vB_VpS_CA8,_complete_genome	NC_009447	67.200	0.008
MN102376.1_Vibrio_phage_vB_VpS_CA8,_complete_genome	MW114771	77.200	0.003
MN102376.1_Vibrio_phage_vB_VpS_CA8,_complete_genome	MN820898	73.000	0.005
MN102376.1_Vibrio_phage_vB_VpS_CA8,_complete_genome	KX898400	69.800	0.006
MN102376.1_Vibrio_phage_vB_VpS_CA8,_complete_genome	NC_028831	69.000	0.007
MN102376.1_Vibrio_phage_vB_VpS_CA8,_complete_genome	LN881725	69.000	0.007
MN102376.1_Vibrio_phage_vB_VpS_CA8,_complete_genome	OP009282	72.600	0.005
MN102376.1_Vibrio_phage_vB_VpS_CA8,_complete_genome	NC_029097	72.600	0.005
MN102376.1_Vibrio_phage_vB_VpS_CA8,_complete_genome	KR935213	72.600	0.005
MN102376.1_Vibrio_phage_vB_VpS_CA8,_complete_genome	KX198614	67.800	0.009
MN102376.1_Vibrio_phage_vB_VpS_CA8,_complete_genome	NC_029033	69.200	0.007
MN102376.1_Vibrio_phage_vB_VpS_CA8,_complete_genome	KP313532	69.200	0.007
MN102376.1_Vibrio_phage_vB_VpS_CA8,_complete_genome	MT713136	70.700	0.006
MN102376.1_Vibrio_phage_vB_VpS_CA8,_complete_genome	NC_024146	70.200	0.006
MN102376.1_Vibrio_phage_vB_VpS_CA8,_complete_genome	KJ419279	70.200	0.006
MN102376.1_Vibrio_phage_vB_VpS_CA8,_complete_genome	MH230177	69.500	0.006
MN102376.1_Vibrio_phage_vB_VpS_CA8,_complete_genome	MZ501112	69.500	0.006
MN102376.1_Vibrio_phage_vB_VpS_CA8,_complete_genome	NC_029028	76.200	0.003
MN102376.1_Vibrio_phage_vB_VpS_CA8,_complete_genome	KP719132	76.200	0.003
MN102376.1_Vibrio_phage_vB_VpS_CA8,_complete_genome	NC_023590	69.900	0.006
MN102376.1_Vibrio_phage_vB_VpS_CA8,_complete_genome	KF811200	69.900	0.006
MN102376.1_Vibrio_phage_vB_VpS_CA8,_complete_genome	MK411820	69.900	0.006
MN102376.1_Vibrio_phage_vB_VpS_CA8,_complete_genome	KM236243	66.800	0.009
MN102376.1_Vibrio_phage_vB_VpS_CA8,_complete_genome	NC_027378	66.800	0.009
MN102376.1_Vibrio_phage_vB_VpS_CA8,_complete_genome	MN029011	65.800	0.009
MN102376.1_Vibrio_phage_vB_VpS_CA8,_complete_genome	MW464860	69.800	0.006
MN102376.1_Vibrio_phage_vB_VpS_CA8,_complete_genome	NC_026610	82.600	0.002
MN102376.1_Vibrio_phage_vB_VpS_CA8,_complete_genome	KM378617	82.600	0.002
MN102376.1_Vibrio_phage_vB_VpS_CA8,_complete_genome	MZ501110	67.800	0.008
MN102376.1_Vibrio_phage_vB_VpS_CA8,_complete_genome	OP331229	78.700	0.003
MN102376.1_Vibrio_phage_vB_VpS_CA8,_complete_genome	MW451249	78.700	0.003
MN102376.1_Vibrio_phage_vB_VpS_CA8,_complete_genome	MZ501057	69.800	0.006
MN102376.1_Vibrio_phage_vB_VpS_CA8,_complete_genome	MN871472	71.600	0.005
MN102376.1_Vibrio_phage_vB_VpS_CA8,_complete_genome	MN871474	71.600	0.005
MN102376.1_Vibrio_phage_vB_VpS_CA8,_complete_genome	MN871471	71.600	0.005
MN102376.1_Vibrio_phage_vB_VpS_CA8,_complete_genome	MK373795	75.300	0.003
MN102376.1_Vibrio_phage_vB_VpS_CA8,_complete_genome	KP064094	65.600	0.009
MN102376.1_Vibrio_phage_vB_VpS_CA8,_complete_genome	NC_028776	65.600	0.009
MN102376.1_Vibrio_phage_vB_VpS_CA8,_complete_genome	NC_029021	70.800	0.005
MN102376.1_Vibrio_phage_vB_VpS_CA8,_complete_genome	KP719134	70.800	0.005
MN102376.1_Vibrio_phage_vB_VpS_CA8,_complete_genome	NC_028997	75.200	0.003
MN102376.1_Vibrio_phage_vB_VpS_CA8,_complete_genome	KP719133	75.200	0.003
MN102376.1_Vibrio_phage_vB_VpS_CA8,_complete_genome	KY926791	75.200	0.003
MN102376.1_Vibrio_phage_vB_VpS_CA8,_complete_genome	NC_042025	75.200	0.003
MN102376.1_Vibrio_phage_vB_VpS_CA8,_complete_genome	MK373794	74.700	0.003
MN102376.1_Vibrio_phage_vB_VpS_CA8,_complete_genome	OP331229	78.700	0.003
MN102376.1_Vibrio_phage_vB_VpS_CA8,_complete_genome	MW451249	78.700	0.003
MN102376.1_Vibrio_phage_vB_VpS_CA8,_complete_genome	MH230177	72.700	0.004
MN102376.1_Vibrio_phage_vB_VpS_CA8,_complete_genome	OL539454	68.600	0.006
MN102376.1_Vibrio_phage_vB_VpS_CA8,_complete_genome	ON457559	72.700	0.004
MN102376.1_Vibrio_phage_vB_VpS_CA8,_complete_genome	ON457558	72.700	0.004
MN102376.1_Vibrio_phage_vB_VpS_CA8,_complete_genome	OL539454	66.200	0.009
MN102376.1_Vibrio_phage_vB_VpS_CA8,_complete_genome	KX198614	67.800	0.007
MN102376.1_Vibrio_phage_vB_VpS_CA8,_complete_genome	OM386652	74.200	0.003
MN102376.1_Vibrio_phage_vB_VpS_CA8,_complete_genome	OL960029	69.000	0.005
MN102376.1_Vibrio_phage_vB_VpS_CA8,_complete_genome	OP331229	68.100	0.006
MN102376.1_Vibrio_phage_vB_VpS_CA8,_complete_genome	MW451249	68.100	0.006
MN102376.1_Vibrio_phage_vB_VpS_CA8,_complete_genome	NC_026610	76.900	0.003
MN102376.1_Vibrio_phage_vB_VpS_CA8,_complete_genome	KM378617	76.900	0.003
MN102376.1_Vibrio_phage_vB_VpS_CA8,_complete_genome	MT536174	67.400	0.006
MN102376.1_Vibrio_phage_vB_VpS_CA8,_complete_genome	NC_026610	69.400	0.005
MN102376.1_Vibrio_phage_vB_VpS_CA8,_complete_genome	KM378617	69.400	0.005
MN102376.1_Vibrio_phage_vB_VpS_CA8,_complete_genome	LT907986	65.100	0.009
MN102376.1_Vibrio_phage_vB_VpS_CA8,_complete_genome	ON922918	73.700	0.003
MN102376.1_Vibrio_phage_vB_VpS_CA8,_complete_genome	MK165087	73.700	0.003
MN102376.1_Vibrio_phage_vB_VpS_CA8,_complete_genome	MZ326859	68.200	0.006
MN102376.1_Vibrio_phage_vB_VpS_CA8,_complete_genome	MG592544	70.200	0.005
MN102376.1_Vibrio_phage_vB_VpS_CA8,_complete_genome	ON457559	71.100	0.004
MN102376.1_Vibrio_phage_vB_VpS_CA8,_complete_genome	ON457558	71.100	0.004
MN102376.1_Vibrio_phage_vB_VpS_CA8,_complete_genome	MT795651	69.800	0.005
MN102376.1_Vibrio_phage_vB_VpS_CA8,_complete_genome	MT682705	68.400	0.006
MN102376.1_Vibrio_phage_vB_VpS_CA8,_complete_genome	MW114771	69.700	0.005
MN102376.1_Vibrio_phage_vB_VpS_CA8,_complete_genome	NC_029021	68.300	0.006
MN102376.1_Vibrio_phage_vB_VpS_CA8,_complete_genome	KP719134	68.300	0.006
MN102376.1_Vibrio_phage_vB_VpS_CA8,_complete_genome	MZ501104	68.100	0.006
MN102376.1_Vibrio_phage_vB_VpS_CA8,_complete_genome	OL960573	67.700	0.006
MN102376.1_Vibrio_phage_vB_VpS_CA8,_complete_genome	MK069556	65.800	0.008
MN102376.1_Vibrio_phage_vB_VpS_CA8,_complete_genome	MK962636	71.000	0.004
MN102376.1_Vibrio_phage_vB_VpS_CA8,_complete_genome	MZ501071	67.800	0.006
MN102376.1_Vibrio_phage_vB_VpS_CA8,_complete_genome	MW464860	70.400	0.004
MN102376.1_Vibrio_phage_vB_VpS_CA8,_complete_genome	MK542015	73.900	0.003
MN102376.1_Vibrio_phage_vB_VpS_CA8,_complete_genome	MT795651	66.600	0.007
MN102376.1_Vibrio_phage_vB_VpS_CA8,_complete_genome	MN734439	69.200	0.005
MN102376.1_Vibrio_phage_vB_VpS_CA8,_complete_genome	KX898399	66.300	0.007
MN102376.1_Vibrio_phage_vB_VpS_CA8,_complete_genome	MN029011	69.200	0.005
MN102376.1_Vibrio_phage_vB_VpS_CA8,_complete_genome	NC_069744	69.000	0.005
MN102376.1_Vibrio_phage_vB_VpS_CA8,_complete_genome	MN062187	69.000	0.005
MN102376.1_Vibrio_phage_vB_VpS_CA8,_complete_genome	KU197014	67.900	0.005
MN102376.1_Vibrio_phage_vB_VpS_CA8,_complete_genome	OL802211	72.800	0.003
MN102376.1_Vibrio_phage_vB_VpS_CA8,_complete_genome	MZ501112	67.200	0.006
MN102376.1_Vibrio_phage_vB_VpS_CA8,_complete_genome	ON911538	68.700	0.005
MN102376.1_Vibrio_phage_vB_VpS_CA8,_complete_genome	NC_069745	68.700	0.005
MN102376.1_Vibrio_phage_vB_VpS_CA8,_complete_genome	MN013084	87.600	0.001
MN102376.1_Vibrio_phage_vB_VpS_CA8,_complete_genome	OL849997	87.600	0.001
MN102376.1_Vibrio_phage_vB_VpS_CA8,_complete_genome	MT711527	72.800	0.003
MN102376.1_Vibrio_phage_vB_VpS_CA8,_complete_genome	NC_041898	72.800	0.003
MN102376.1_Vibrio_phage_vB_VpS_CA8,_complete_genome	GU196280	72.800	0.003
MN102376.1_Vibrio_phage_vB_VpS_CA8,_complete_genome	GU196281	72.800	0.003
MN102376.1_Vibrio_phage_vB_VpS_CA8,_complete_genome	MZ501266	71.700	0.003
MN102376.1_Vibrio_phage_vB_VpS_CA8,_complete_genome	MW331437	72.800	0.003
MN102376.1_Vibrio_phage_vB_VpS_CA8,_complete_genome	MK737937	72.800	0.003
MN102376.1_Vibrio_phage_vB_VpS_CA8,_complete_genome	NC_048181	72.800	0.003
MN102376.1_Vibrio_phage_vB_VpS_CA8,_complete_genome	OL539727	72.800	0.003
MN102376.1_Vibrio_phage_vB_VpS_CA8,_complete_genome	NC_028879	71.700	0.004
MN102376.1_Vibrio_phage_vB_VpS_CA8,_complete_genome	JQ067092	71.700	0.004
MN102376.1_Vibrio_phage_vB_VpS_CA8,_complete_genome	ON932082	73.600	0.003
MN102376.1_Vibrio_phage_vB_VpS_CA8,_complete_genome	OK210076	86.400	0.001
MN102376.1_Vibrio_phage_vB_VpS_CA8,_complete_genome	MZ832314	72.200	0.003
MN102376.1_Vibrio_phage_vB_VpS_CA8,_complete_genome	NC_028831	68.000	0.005
MN102376.1_Vibrio_phage_vB_VpS_CA8,_complete_genome	LN881725	68.000	0.005
MN102376.1_Vibrio_phage_vB_VpS_CA8,_complete_genome	MN484601	87.100	0.001
MN102376.1_Vibrio_phage_vB_VpS_CA8,_complete_genome	ON457559	74.300	0.003
MN102376.1_Vibrio_phage_vB_VpS_CA8,_complete_genome	ON457558	74.300	0.003
MN102376.1_Vibrio_phage_vB_VpS_CA8,_complete_genome	JQ691611	86.000	0.001
MN102376.1_Vibrio_phage_vB_VpS_CA8,_complete_genome	NC_023717	86.000	0.001
MN102376.1_Vibrio_phage_vB_VpS_CA8,_complete_genome	OL744211	83.500	0.001
MN102376.1_Vibrio_phage_vB_VpS_CA8,_complete_genome	OL744216	83.500	0.001
MN102376.1_Vibrio_phage_vB_VpS_CA8,_complete_genome	OL744220	83.500	0.001
MN102376.1_Vibrio_phage_vB_VpS_CA8,_complete_genome	OL744219	83.500	0.001
MN102376.1_Vibrio_phage_vB_VpS_CA8,_complete_genome	OL744214	83.500	0.001
MN102376.1_Vibrio_phage_vB_VpS_CA8,_complete_genome	MW114771	72.100	0.003
MN102376.1_Vibrio_phage_vB_VpS_CA8,_complete_genome	MN013077	84.100	0.001
MN102376.1_Vibrio_phage_vB_VpS_CA8,_complete_genome	MN734437	73.800	0.003
MN102376.1_Vibrio_phage_vB_VpS_CA8,_complete_genome	MN734438	73.800	0.003
MN102376.1_Vibrio_phage_vB_VpS_CA8,_complete_genome	KU682439	82.900	0.002
MN102376.1_Vibrio_phage_vB_VpS_CA8,_complete_genome	MG252615	76.200	0.002
MN102376.1_Vibrio_phage_vB_VpS_CA8,_complete_genome	MZ234010	76.200	0.002
MN102376.1_Vibrio_phage_vB_VpS_CA8,_complete_genome	OK283618	85.000	0.001
MN102376.1_Vibrio_phage_vB_VpS_CA8,_complete_genome	HQ317385	84.600	0.001
MN102376.1_Vibrio_phage_vB_VpS_CA8,_complete_genome	KX349286	84.600	0.001
MN102376.1_Vibrio_phage_vB_VpS_CA8,_complete_genome	KX349288	84.600	0.001
MN102376.1_Vibrio_phage_vB_VpS_CA8,_complete_genome	MK493322	84.600	0.001
MN102376.1_Vibrio_phage_vB_VpS_CA8,_complete_genome	MK493324	84.600	0.001
MN102376.1_Vibrio_phage_vB_VpS_CA8,_complete_genome	KX349290	84.600	0.001
MN102376.1_Vibrio_phage_vB_VpS_CA8,_complete_genome	KX349287	84.600	0.001
MN102376.1_Vibrio_phage_vB_VpS_CA8,_complete_genome	MK493325	84.600	0.001
MN102376.1_Vibrio_phage_vB_VpS_CA8,_complete_genome	JF974289	84.600	0.001
MN102376.1_Vibrio_phage_vB_VpS_CA8,_complete_genome	JF974288	84.600	0.001
MN102376.1_Vibrio_phage_vB_VpS_CA8,_complete_genome	NC_020486	84.600	0.001
MN102376.1_Vibrio_phage_vB_VpS_CA8,_complete_genome	KX349289	84.600	0.001
MN102376.1_Vibrio_phage_vB_VpS_CA8,_complete_genome	NC_047733	84.600	0.001
MN102376.1_Vibrio_phage_vB_VpS_CA8,_complete_genome	KX349285	84.600	0.001
MN102376.1_Vibrio_phage_vB_VpS_CA8,_complete_genome	MK493323	84.600	0.001
MN102376.1_Vibrio_phage_vB_VpS_CA8,_complete_genome	OM313460	71.700	0.003
MN102376.1_Vibrio_phage_vB_VpS_CA8,_complete_genome	MK359346	84.400	0.001
MN102376.1_Vibrio_phage_vB_VpS_CA8,_complete_genome	NC_054719	84.400	0.001
MN102376.1_Vibrio_phage_vB_VpS_CA8,_complete_genome	MK359337	84.400	0.001
MN102376.1_Vibrio_phage_vB_VpS_CA8,_complete_genome	OP297534	84.400	0.001
MN102376.1_Vibrio_phage_vB_VpS_CA8,_complete_genome	MZ958745	84.400	0.001
MN102376.1_Vibrio_phage_vB_VpS_CA8,_complete_genome	KT365400	84.400	0.001
MN102376.1_Vibrio_phage_vB_VpS_CA8,_complete_genome	MK450423	84.400	0.001
MN102376.1_Vibrio_phage_vB_VpS_CA8,_complete_genome	NC_028986	84.400	0.001
MN102376.1_Vibrio_phage_vB_VpS_CA8,_complete_genome	JF704092	84.400	0.001
MN102376.1_Vibrio_phage_vB_VpS_CA8,_complete_genome	ON526982	84.400	0.001
MN102376.1_Vibrio_phage_vB_VpS_CA8,_complete_genome	MK310143	84.400	0.001
MN102376.1_Vibrio_phage_vB_VpS_CA8,_complete_genome	NC_028869	84.400	0.001
MN102376.1_Vibrio_phage_vB_VpS_CA8,_complete_genome	KT281790	84.400	0.001
MN102376.1_Vibrio_phage_vB_VpS_CA8,_complete_genome	MT818416	84.400	0.001
MN102376.1_Vibrio_phage_vB_VpS_CA8,_complete_genome	MN062707	84.400	0.001
MN102376.1_Vibrio_phage_vB_VpS_CA8,_complete_genome	DQ398053	84.400	0.001
MN102376.1_Vibrio_phage_vB_VpS_CA8,_complete_genome	NC_008207	84.400	0.001
MN102376.1_Vibrio_phage_vB_VpS_CA8,_complete_genome	MK359345	84.400	0.001
MN102376.1_Vibrio_phage_vB_VpS_CA8,_complete_genome	NC_054720	84.400	0.001
MN102376.1_Vibrio_phage_vB_VpS_CA8,_complete_genome	MH779498	84.400	0.001
MN102376.1_Vibrio_phage_vB_VpS_CA8,_complete_genome	MK112554	84.400	0.001
MN102376.1_Vibrio_phage_vB_VpS_CA8,_complete_genome	NC_023714	84.400	0.001
MN102376.1_Vibrio_phage_vB_VpS_CA8,_complete_genome	JN412592	84.400	0.001
MN102376.1_Vibrio_phage_vB_VpS_CA8,_complete_genome	NC_011272	84.400	0.001
MN102376.1_Vibrio_phage_vB_VpS_CA8,_complete_genome	EU826467	84.400	0.001
MN102376.1_Vibrio_phage_vB_VpS_CA8,_complete_genome	EU826469	84.400	0.001
MN102376.1_Vibrio_phage_vB_VpS_CA8,_complete_genome	NC_011269	84.400	0.001
MN102376.1_Vibrio_phage_vB_VpS_CA8,_complete_genome	MF919494	84.400	0.001
MN102376.1_Vibrio_phage_vB_VpS_CA8,_complete_genome	MK359344	84.400	0.001
MN102376.1_Vibrio_phage_vB_VpS_CA8,_complete_genome	MK359366	84.400	0.001
MN102376.1_Vibrio_phage_vB_VpS_CA8,_complete_genome	MK359336	84.400	0.001
MN102376.1_Vibrio_phage_vB_VpS_CA8,_complete_genome	MZ856343	84.400	0.001
MN102376.1_Vibrio_phage_vB_VpS_CA8,_complete_genome	GQ303262	84.400	0.001
MN102376.1_Vibrio_phage_vB_VpS_CA8,_complete_genome	MK359364	84.400	0.001
MN102376.1_Vibrio_phage_vB_VpS_CA8,_complete_genome	MK359363	84.400	0.001
MN102376.1_Vibrio_phage_vB_VpS_CA8,_complete_genome	MK112548	84.400	0.001
MN102376.1_Vibrio_phage_vB_VpS_CA8,_complete_genome	JQ911768	84.400	0.001
MN102376.1_Vibrio_phage_vB_VpS_CA8,_complete_genome	MK359342	84.400	0.001
MN102376.1_Vibrio_phage_vB_VpS_CA8,_complete_genome	MN276192	84.400	0.001
MN102376.1_Vibrio_phage_vB_VpS_CA8,_complete_genome	MK359303	84.400	0.001
MN102376.1_Vibrio_phage_vB_VpS_CA8,_complete_genome	MK359317	84.400	0.001
MN102376.1_Vibrio_phage_vB_VpS_CA8,_complete_genome	MZ028626	84.400	0.001
MN102376.1_Vibrio_phage_vB_VpS_CA8,_complete_genome	MK359362	84.400	0.001
MN102376.1_Vibrio_phage_vB_VpS_CA8,_complete_genome	KR080196	84.400	0.001
MN102376.1_Vibrio_phage_vB_VpS_CA8,_complete_genome	MK359338	84.400	0.001
MN102376.1_Vibrio_phage_vB_VpS_CA8,_complete_genome	MK450432	84.400	0.001
MN102376.1_Vibrio_phage_vB_VpS_CA8,_complete_genome	NC_023733	84.400	0.001
MN102376.1_Vibrio_phage_vB_VpS_CA8,_complete_genome	JN699626	84.400	0.001
MN102376.1_Vibrio_phage_vB_VpS_CA8,_complete_genome	MK359365	84.400	0.001
MN102376.1_Vibrio_phage_vB_VpS_CA8,_complete_genome	MH779502	84.400	0.001
MN102376.1_Vibrio_phage_vB_VpS_CA8,_complete_genome	MK450429	84.400	0.001
MN102376.1_Vibrio_phage_vB_VpS_CA8,_complete_genome	MH825713	84.400	0.001
MN102376.1_Vibrio_phage_vB_VpS_CA8,_complete_genome	MH669008	84.400	0.001
MN102376.1_Vibrio_phage_vB_VpS_CA8,_complete_genome	ON260824	84.400	0.001
MN102376.1_Vibrio_phage_vB_VpS_CA8,_complete_genome	MT553335	84.400	0.001
MN102376.1_Vibrio_phage_vB_VpS_CA8,_complete_genome	MK450424	84.400	0.001
MN102376.1_Vibrio_phage_vB_VpS_CA8,_complete_genome	MH590593	84.400	0.001
MN102376.1_Vibrio_phage_vB_VpS_CA8,_complete_genome	NC_021349	84.400	0.001
MN102376.1_Vibrio_phage_vB_VpS_CA8,_complete_genome	KC691257	84.400	0.001
MN102376.1_Vibrio_phage_vB_VpS_CA8,_complete_genome	MF919527	84.400	0.001
MN102376.1_Vibrio_phage_vB_VpS_CA8,_complete_genome	NC_011270	84.400	0.001
MN102376.1_Vibrio_phage_vB_VpS_CA8,_complete_genome	EU826468	84.400	0.001
MN102376.1_Vibrio_phage_vB_VpS_CA8,_complete_genome	MN428065	84.400	0.001
MN102376.1_Vibrio_phage_vB_VpS_CA8,_complete_genome	MK359333	84.400	0.001
MN102376.1_Vibrio_phage_vB_VpS_CA8,_complete_genome	MT723944	84.400	0.001
MN102376.1_Vibrio_phage_vB_VpS_CA8,_complete_genome	MK359314	84.400	0.001
MN102376.1_Vibrio_phage_vB_VpS_CA8,_complete_genome	MH316567	84.400	0.001
MN102376.1_Vibrio_phage_vB_VpS_CA8,_complete_genome	MK450427	84.400	0.001
MN102376.1_Vibrio_phage_vB_VpS_CA8,_complete_genome	MF919499	84.400	0.001
MN102376.1_Vibrio_phage_vB_VpS_CA8,_complete_genome	MK359321	84.400	0.001
MN102376.1_Vibrio_phage_vB_VpS_CA8,_complete_genome	MN428066	84.400	0.001
MN102376.1_Vibrio_phage_vB_VpS_CA8,_complete_genome	MK359334	84.400	0.001
MN102376.1_Vibrio_phage_vB_VpS_CA8,_complete_genome	MK112549	84.400	0.001
MN102376.1_Vibrio_phage_vB_VpS_CA8,_complete_genome	JF704096	84.400	0.001
MN102376.1_Vibrio_phage_vB_VpS_CA8,_complete_genome	MF919493	84.400	0.001
MN102376.1_Vibrio_phage_vB_VpS_CA8,_complete_genome	MH697586	84.400	0.001
MN102376.1_Vibrio_phage_vB_VpS_CA8,_complete_genome	MK112545	84.400	0.001
MN102376.1_Vibrio_phage_vB_VpS_CA8,_complete_genome	MK359326	84.400	0.001
MN102376.1_Vibrio_phage_vB_VpS_CA8,_complete_genome	MK359339	84.400	0.001
MN102376.1_Vibrio_phage_vB_VpS_CA8,_complete_genome	OP021682	84.400	0.001
MN102376.1_Vibrio_phage_vB_VpS_CA8,_complete_genome	NC_041993	84.400	0.001
MN102376.1_Vibrio_phage_vB_VpS_CA8,_complete_genome	JN204348	84.400	0.001
MN102376.1_Vibrio_phage_vB_VpS_CA8,_complete_genome	KT321476	84.400	0.001
MN102376.1_Vibrio_phage_vB_VpS_CA8,_complete_genome	JN699625	84.400	0.001
MN102376.1_Vibrio_phage_vB_VpS_CA8,_complete_genome	ON637768	84.400	0.001
MN102376.1_Vibrio_phage_vB_VpS_CA8,_complete_genome	NC_011271	84.400	0.001
MN102376.1_Vibrio_phage_vB_VpS_CA8,_complete_genome	EU826471	84.400	0.001
MN102376.1_Vibrio_phage_vB_VpS_CA8,_complete_genome	MK359305	84.400	0.001
MN102376.1_Vibrio_phage_vB_VpS_CA8,_complete_genome	MK359311	84.400	0.001
MN102376.1_Vibrio_phage_vB_VpS_CA8,_complete_genome	MK359335	84.400	0.001
MN102376.1_Vibrio_phage_vB_VpS_CA8,_complete_genome	KJ595575	84.400	0.001
MN102376.1_Vibrio_phage_vB_VpS_CA8,_complete_genome	MK359306	84.400	0.001
MN102376.1_Vibrio_phage_vB_VpS_CA8,_complete_genome	KX721256	84.400	0.001
MN102376.1_Vibrio_phage_vB_VpS_CA8,_complete_genome	KX721255	84.400	0.001
MN102376.1_Vibrio_phage_vB_VpS_CA8,_complete_genome	NC_023737	84.400	0.001
MN102376.1_Vibrio_phage_vB_VpS_CA8,_complete_genome	JN624850	84.400	0.001
MN102376.1_Vibrio_phage_vB_VpS_CA8,_complete_genome	MK359308	84.400	0.001
MN102376.1_Vibrio_phage_vB_VpS_CA8,_complete_genome	MK359327	84.400	0.001
MN102376.1_Vibrio_phage_vB_VpS_CA8,_complete_genome	MZ388551	84.400	0.001
MN102376.1_Vibrio_phage_vB_VpS_CA8,_complete_genome	MK359353	84.400	0.001
MN102376.1_Vibrio_phage_vB_VpS_CA8,_complete_genome	OP021684	84.400	0.001
MN102376.1_Vibrio_phage_vB_VpS_CA8,_complete_genome	MN234193	84.400	0.001
MN102376.1_Vibrio_phage_vB_VpS_CA8,_complete_genome	MK359358	84.400	0.001
MN102376.1_Vibrio_phage_vB_VpS_CA8,_complete_genome	MK878897	84.400	0.001
MN102376.1_Vibrio_phage_vB_VpS_CA8,_complete_genome	MF919513	84.400	0.001
MN102376.1_Vibrio_phage_vB_VpS_CA8,_complete_genome	MK112541	84.400	0.001
MN102376.1_Vibrio_phage_vB_VpS_CA8,_complete_genome	MZ681511	84.400	0.001
MN102376.1_Vibrio_phage_vB_VpS_CA8,_complete_genome	MK112534	84.400	0.001
MN102376.1_Vibrio_phage_vB_VpS_CA8,_complete_genome	MH727543	84.400	0.001
MN102376.1_Vibrio_phage_vB_VpS_CA8,_complete_genome	NC_054717	84.400	0.001
MN102376.1_Vibrio_phage_vB_VpS_CA8,_complete_genome	MH051266	84.400	0.001
MN102376.1_Vibrio_phage_vB_VpS_CA8,_complete_genome	MG812493	84.400	0.001
MN102376.1_Vibrio_phage_vB_VpS_CA8,_complete_genome	MW712729	84.400	0.001
MN102376.1_Vibrio_phage_vB_VpS_CA8,_complete_genome	MK359361	84.400	0.001
MN102376.1_Vibrio_phage_vB_VpS_CA8,_complete_genome	MH697590	84.400	0.001
MN102376.1_Vibrio_phage_vB_VpS_CA8,_complete_genome	ON637764	84.400	0.001
MN102376.1_Vibrio_phage_vB_VpS_CA8,_complete_genome	OK040789	84.400	0.001
MN102376.1_Vibrio_phage_vB_VpS_CA8,_complete_genome	MK359355	84.400	0.001
MN102376.1_Vibrio_phage_vB_VpS_CA8,_complete_genome	MK359330	84.400	0.001
MN102376.1_Vibrio_phage_vB_VpS_CA8,_complete_genome	MW291012	84.400	0.001
MN102376.1_Vibrio_phage_vB_VpS_CA8,_complete_genome	NC_004687	84.400	0.001
MN102376.1_Vibrio_phage_vB_VpS_CA8,_complete_genome	AY129337	84.400	0.001
MN102376.1_Vibrio_phage_vB_VpS_CA8,_complete_genome	MW822148	84.400	0.001
MN102376.1_Vibrio_phage_vB_VpS_CA8,_complete_genome	NC_067270	84.400	0.001
MN102376.1_Vibrio_phage_vB_VpS_CA8,_complete_genome	ON755189	84.400	0.001
MN102376.1_Vibrio_phage_vB_VpS_CA8,_complete_genome	MN735434	84.400	0.001
MN102376.1_Vibrio_phage_vB_VpS_CA8,_complete_genome	NC_054718	84.400	0.001
MN102376.1_Vibrio_phage_vB_VpS_CA8,_complete_genome	MH316561	84.400	0.001
MN102376.1_Vibrio_phage_vB_VpS_CA8,_complete_genome	MH051260	84.400	0.001
MN102376.1_Vibrio_phage_vB_VpS_CA8,_complete_genome	MN183285	84.400	0.001
MN102376.1_Vibrio_phage_vB_VpS_CA8,_complete_genome	MK450422	84.400	0.001
MN102376.1_Vibrio_phage_vB_VpS_CA8,_complete_genome	MK359350	84.400	0.001
MN102376.1_Vibrio_phage_vB_VpS_CA8,_complete_genome	MT723945	84.400	0.001
MN102376.1_Vibrio_phage_vB_VpS_CA8,_complete_genome	NC_054721	84.400	0.001
MN102376.1_Vibrio_phage_vB_VpS_CA8,_complete_genome	MK359329	84.400	0.001
MN102376.1_Vibrio_phage_vB_VpS_CA8,_complete_genome	MN183280	84.400	0.001
MN102376.1_Vibrio_phage_vB_VpS_CA8,_complete_genome	MG812494	84.400	0.001
MN102376.1_Vibrio_phage_vB_VpS_CA8,_complete_genome	NC_054722	84.400	0.001
MN102376.1_Vibrio_phage_vB_VpS_CA8,_complete_genome	MH910040	84.400	0.001
MN102376.1_Vibrio_phage_vB_VpS_CA8,_complete_genome	MK450434	84.400	0.001
MN102376.1_Vibrio_phage_vB_VpS_CA8,_complete_genome	MK450425	84.400	0.001
MN102376.1_Vibrio_phage_vB_VpS_CA8,_complete_genome	MH727558	84.400	0.001
MN102376.1_Vibrio_phage_vB_VpS_CA8,_complete_genome	MT818423	84.400	0.001
MN102376.1_Vibrio_phage_vB_VpS_CA8,_complete_genome	MH051261	84.400	0.001
MN102376.1_Vibrio_phage_vB_VpS_CA8,_complete_genome	JN699013	84.400	0.001
MN102376.1_Vibrio_phage_vB_VpS_CA8,_complete_genome	MG872839	84.400	0.001
MN102376.1_Vibrio_phage_vB_VpS_CA8,_complete_genome	OP068341	84.400	0.001
MN102376.1_Vibrio_phage_vB_VpS_CA8,_complete_genome	MK359349	84.400	0.001
MN102376.1_Vibrio_phage_vB_VpS_CA8,_complete_genome	KX831080	84.400	0.001
MN102376.1_Vibrio_phage_vB_VpS_CA8,_complete_genome	NC_041901	84.400	0.001
MN102376.1_Vibrio_phage_vB_VpS_CA8,_complete_genome	ON456344	84.400	0.001
MN102376.1_Vibrio_phage_vB_VpS_CA8,_complete_genome	KM881426	84.400	0.001
MN102376.1_Vibrio_phage_vB_VpS_CA8,_complete_genome	MK112533	84.400	0.001
MN102376.1_Vibrio_phage_vB_VpS_CA8,_complete_genome	MK359328	84.400	0.001
MN102376.1_Vibrio_phage_vB_VpS_CA8,_complete_genome	MK359347	84.400	0.001
MN102376.1_Vibrio_phage_vB_VpS_CA8,_complete_genome	NC_021346	84.400	0.001
MN102376.1_Vibrio_phage_vB_VpS_CA8,_complete_genome	KC748968	84.400	0.001
MN102376.1_Vibrio_phage_vB_VpS_CA8,_complete_genome	OP021681	84.400	0.001
MN102376.1_Vibrio_phage_vB_VpS_CA8,_complete_genome	ON081335	84.400	0.001
MN102376.1_Vibrio_phage_vB_VpS_CA8,_complete_genome	MK359359	84.400	0.001
MN102376.1_Vibrio_phage_vB_VpS_CA8,_complete_genome	NC_054716	84.400	0.001
MN102376.1_Vibrio_phage_vB_VpS_CA8,_complete_genome	MH697579	84.400	0.001
MN102376.1_Vibrio_phage_vB_VpS_CA8,_complete_genome	KX752698	84.400	0.001
MN102376.1_Vibrio_phage_vB_VpS_CA8,_complete_genome	NC_031080	84.400	0.001
MN102376.1_Vibrio_phage_vB_VpS_CA8,_complete_genome	NC_048763	71.300	0.003
MN102376.1_Vibrio_phage_vB_VpS_CA8,_complete_genome	MK770411	71.300	0.003
MN102376.1_Vibrio_phage_vB_VpS_CA8,_complete_genome	MN988517	83.500	0.001
MN102376.1_Vibrio_phage_vB_VpS_CA8,_complete_genome	MT012730	74.600	0.002
MN102376.1_Vibrio_phage_vB_VpS_CA8,_complete_genome	KY926791	76.300	0.002
MN102376.1_Vibrio_phage_vB_VpS_CA8,_complete_genome	NC_042025	76.300	0.002
MN102376.1_Vibrio_phage_vB_VpS_CA8,_complete_genome	MK016663	90.000	0.001
MN102376.1_Vibrio_phage_vB_VpS_CA8,_complete_genome	MH107246	81.100	0.001
MN102376.1_Vibrio_phage_vB_VpS_CA8,_complete_genome	NC_055744	81.100	0.001
MN102376.1_Vibrio_phage_vB_VpS_CA8,_complete_genome	MG674163	67.400	0.004
MN102376.1_Vibrio_phage_vB_VpS_CA8,_complete_genome	KM366099	71.200	0.003
MN102376.1_Vibrio_phage_vB_VpS_CA8,_complete_genome	NC_031250	71.200	0.003
MN102376.1_Vibrio_phage_vB_VpS_CA8,_complete_genome	MT768059	71.200	0.003
MN102376.1_Vibrio_phage_vB_VpS_CA8,_complete_genome	OM313461	71.200	0.003
MN102376.1_Vibrio_phage_vB_VpS_CA8,_complete_genome	MT764207	71.200	0.003
MN102376.1_Vibrio_phage_vB_VpS_CA8,_complete_genome	KY608966	71.200	0.003
MN102376.1_Vibrio_phage_vB_VpS_CA8,_complete_genome	MW980066	81.700	0.001
MN102376.1_Vibrio_phage_vB_VpS_CA8,_complete_genome	MN988497	81.700	0.001
MN102376.1_Vibrio_phage_vB_VpS_CA8,_complete_genome	OP535465	83.100	0.001
MN102376.1_Vibrio_phage_vB_VpS_CA8,_complete_genome	MN379740	71.200	0.003
MN102376.1_Vibrio_phage_vB_VpS_CA8,_complete_genome	MN988555	82.200	0.001
MN102376.1_Vibrio_phage_vB_VpS_CA8,_complete_genome	NC_026610	76.400	0.002
MN102376.1_Vibrio_phage_vB_VpS_CA8,_complete_genome	KM378617	76.400	0.002
MN102376.1_Vibrio_phage_vB_VpS_CA8,_complete_genome	KX534337	66.100	0.005
MN102376.1_Vibrio_phage_vB_VpS_CA8,_complete_genome	MK493321	82.800	0.001
MN102376.1_Vibrio_phage_vB_VpS_CA8,_complete_genome	LN828717	82.800	0.001
MN102376.1_Vibrio_phage_vB_VpS_CA8,_complete_genome	NC_015279	81.400	0.001
MN102376.1_Vibrio_phage_vB_VpS_CA8,_complete_genome	GU071095	81.400	0.001
MN102376.1_Vibrio_phage_vB_VpS_CA8,_complete_genome	NC_006820	82.800	0.001
MN102376.1_Vibrio_phage_vB_VpS_CA8,_complete_genome	AJ630128	82.800	0.001
MN102376.1_Vibrio_phage_vB_VpS_CA8,_complete_genome	MN871441	83.300	0.001
MN102376.1_Vibrio_phage_vB_VpS_CA8,_complete_genome	MF448340	83.300	0.001
MN102376.1_Vibrio_phage_vB_VpS_CA8,_complete_genome	NC_048673	83.300	0.001
MN102376.1_Vibrio_phage_vB_VpS_CA8,_complete_genome	NC_019538	83.300	0.001
MN102376.1_Vibrio_phage_vB_VpS_CA8,_complete_genome	JX123262	83.300	0.001
MN102376.1_Vibrio_phage_vB_VpS_CA8,_complete_genome	MH791404	83.300	0.001
MN102376.1_Vibrio_phage_vB_VpS_CA8,_complete_genome	OM272052	74.500	0.002
MN102376.1_Vibrio_phage_vB_VpS_CA8,_complete_genome	MT711524	74.500	0.002
MN102376.1_Vibrio_phage_vB_VpS_CA8,_complete_genome	OP172633	83.500	0.001
MN102376.1_Vibrio_phage_vB_VpS_CA8,_complete_genome	MT711526	74.500	0.002
MN102376.1_Vibrio_phage_vB_VpS_CA8,_complete_genome	OP331229	67.000	0.005
MN102376.1_Vibrio_phage_vB_VpS_CA8,_complete_genome	LR743530	70.300	0.003
MN102376.1_Vibrio_phage_vB_VpS_CA8,_complete_genome	MW451249	67.100	0.004
MN102376.1_Vibrio_phage_vB_VpS_CA8,_complete_genome	JQ067084	88.300	0.001
MN102376.1_Vibrio_phage_vB_VpS_CA8,_complete_genome	NC_041953	88.300	0.001
MN102376.1_Vibrio_phage_vB_VpS_CA8,_complete_genome	MZ326861	88.300	0.001
MN102376.1_Vibrio_phage_vB_VpS_CA8,_complete_genome	MN047793	82.600	0.001
MN102376.1_Vibrio_phage_vB_VpS_CA8,_complete_genome	AP018399	84.700	0.001
MN102376.1_Vibrio_phage_vB_VpS_CA8,_complete_genome	AP018399	84.700	0.001
MN102376.1_Vibrio_phage_vB_VpS_CA8,_complete_genome	OP745622	70.600	0.003
MN102376.1_Vibrio_phage_vB_VpS_CA8,_complete_genome	NC_026608	74.500	0.002
MN102376.1_Vibrio_phage_vB_VpS_CA8,_complete_genome	KP162168	74.500	0.002
MN102376.1_Vibrio_phage_vB_VpS_CA8,_complete_genome	MN988530	75.400	0.002
MN102376.1_Vibrio_phage_vB_VpS_CA8,_complete_genome	KT187252	88.100	0.001
MN102376.1_Vibrio_phage_vB_VpS_CA8,_complete_genome	MH487649	88.100	0.001
MN102376.1_Vibrio_phage_vB_VpS_CA8,_complete_genome	ON189043	70.600	0.003
MN102376.1_Vibrio_phage_vB_VpS_CA8,_complete_genome	MK962635	74.700	0.002
MN102376.1_Vibrio_phage_vB_VpS_CA8,_complete_genome	MH925093	100.000	0.001
MN102376.1_Vibrio_phage_vB_VpS_CA8,_complete_genome	KM236243	65.800	0.005
MN102376.1_Vibrio_phage_vB_VpS_CA8,_complete_genome	NC_027378	65.800	0.005
MN102376.1_Vibrio_phage_vB_VpS_CA8,_complete_genome	MN234206	81.500	0.001
MN102376.1_Vibrio_phage_vB_VpS_CA8,_complete_genome	MW147367	81.500	0.001
MN102376.1_Vibrio_phage_vB_VpS_CA8,_complete_genome	NC_047838	81.500	0.001
MN102376.1_Vibrio_phage_vB_VpS_CA8,_complete_genome	MF351863	81.500	0.001
MN102376.1_Vibrio_phage_vB_VpS_CA8,_complete_genome	NC_026610	67.800	0.004
MN102376.1_Vibrio_phage_vB_VpS_CA8,_complete_genome	KM378617	67.800	0.004
MN102376.1_Vibrio_phage_vB_VpS_CA8,_complete_genome	MN871472	69.700	0.003
MN102376.1_Vibrio_phage_vB_VpS_CA8,_complete_genome	MN871474	69.700	0.003
MN102376.1_Vibrio_phage_vB_VpS_CA8,_complete_genome	MN871471	69.700	0.003
MN102376.1_Vibrio_phage_vB_VpS_CA8,_complete_genome	MN029011	69.700	0.003
MN102376.1_Vibrio_phage_vB_VpS_CA8,_complete_genome	MN820898	85.700	0.001
MN102376.1_Vibrio_phage_vB_VpS_CA8,_complete_genome	NC_029044	81.800	0.001
MN102376.1_Vibrio_phage_vB_VpS_CA8,_complete_genome	KX781992	81.800	0.001
MN102376.1_Vibrio_phage_vB_VpS_CA8,_complete_genome	MK359324	81.800	0.001
MN102376.1_Vibrio_phage_vB_VpS_CA8,_complete_genome	ON551388	81.800	0.001
MN102376.1_Vibrio_phage_vB_VpS_CA8,_complete_genome	KX369583	81.800	0.001
MN102376.1_Vibrio_phage_vB_VpS_CA8,_complete_genome	JF704116	81.800	0.001
MN102376.1_Vibrio_phage_vB_VpS_CA8,_complete_genome	MH744422	81.800	0.001
MN102376.1_Vibrio_phage_vB_VpS_CA8,_complete_genome	MF919495	81.800	0.001
MN102376.1_Vibrio_phage_vB_VpS_CA8,_complete_genome	KT365398	81.800	0.001
MN102376.1_Vibrio_phage_vB_VpS_CA8,_complete_genome	NC_048687	80.000	0.001
MN102376.1_Vibrio_phage_vB_VpS_CA8,_complete_genome	MG596800	80.000	0.001
MN102376.1_Vibrio_phage_vB_VpS_CA8,_complete_genome	MW602648	76.500	0.002
MN102376.1_Vibrio_phage_vB_VpS_CA8,_complete_genome	OP784576	86.600	0.001
MN102376.1_Vibrio_phage_vB_VpS_CA8,_complete_genome	MH791400	86.600	0.001
MN102376.1_Vibrio_phage_vB_VpS_CA8,_complete_genome	MH791413	86.600	0.001
MN102376.1_Vibrio_phage_vB_VpS_CA8,_complete_genome	MH629685	86.600	0.001
MN102376.1_Vibrio_phage_vB_VpS_CA8,_complete_genome	NC_055761	86.600	0.001
MN102376.1_Vibrio_phage_vB_VpS_CA8,_complete_genome	OP053361	82.800	0.001
MN102376.1_Vibrio_phage_vB_VpS_CA8,_complete_genome	OP053360	82.800	0.001
MN102376.1_Vibrio_phage_vB_VpS_CA8,_complete_genome	NC_019516	82.800	0.001
MN102376.1_Vibrio_phage_vB_VpS_CA8,_complete_genome	JQ245707	82.800	0.001
MN102376.1_Vibrio_phage_vB_VpS_CA8,_complete_genome	KU686205	86.600	0.001
MN102376.1_Vibrio_phage_vB_VpS_CA8,_complete_genome	KU686204	86.600	0.001
MN102376.1_Vibrio_phage_vB_VpS_CA8,_complete_genome	NC_031922	86.600	0.001
MN102376.1_Vibrio_phage_vB_VpS_CA8,_complete_genome	KU686206	86.600	0.001
MN102376.1_Vibrio_phage_vB_VpS_CA8,_complete_genome	OP053362	82.800	0.001
MN102376.1_Vibrio_phage_vB_VpS_CA8,_complete_genome	MK962637	70.900	0.003
MN102376.1_Vibrio_phage_vB_VpS_CA8,_complete_genome	MZ501112	67.000	0.004
MN102376.1_Vibrio_phage_vB_VpS_CA8,_complete_genome	MG770228	81.900	0.001
MN102376.1_Vibrio_phage_vB_VpS_CA8,_complete_genome	MW175414	81.900	0.001
MN102376.1_Vibrio_phage_vB_VpS_CA8,_complete_genome	MW883059	85.400	0.001
MN102376.1_Vibrio_phage_vB_VpS_CA8,_complete_genome	MG592577	66.800	0.004
MN102376.1_Vibrio_phage_vB_VpS_CA8,_complete_genome	MG592491	66.800	0.004
MN102376.1_Vibrio_phage_vB_VpS_CA8,_complete_genome	MG592667	66.800	0.004
MN102376.1_Vibrio_phage_vB_VpS_CA8,_complete_genome	KM236243	66.200	0.004
MN102376.1_Vibrio_phage_vB_VpS_CA8,_complete_genome	NC_027378	66.200	0.004
MN102376.1_Vibrio_phage_vB_VpS_CA8,_complete_genome	OL960575	66.200	0.004
MN102376.1_Vibrio_phage_vB_VpS_CA8,_complete_genome	NC_053508	86.400	0.001
MN102376.1_Vibrio_phage_vB_VpS_CA8,_complete_genome	MF324910	86.400	0.001
MN102376.1_Vibrio_phage_vB_VpS_CA8,_complete_genome	MT684598	82.600	0.001
MN102376.1_Vibrio_phage_vB_VpS_CA8,_complete_genome	NC_028672	78.500	0.001
MN102376.1_Vibrio_phage_vB_VpS_CA8,_complete_genome	KT353109	78.500	0.001
MN102376.1_Vibrio_phage_vB_VpS_CA8,_complete_genome	JN797798	86.400	0.001
MN102376.1_Vibrio_phage_vB_VpS_CA8,_complete_genome	NC_047735	86.400	0.001
MN102376.1_Vibrio_phage_vB_VpS_CA8,_complete_genome	MN013089	86.400	0.001
MN102376.1_Vibrio_phage_vB_VpS_CA8,_complete_genome	ON529858	79.700	0.001
MN102376.1_Vibrio_phage_vB_VpS_CA8,_complete_genome	MT345684	67.400	0.004
MN102376.1_Vibrio_phage_vB_VpS_CA8,_complete_genome	NC_048878	67.400	0.004
MN102376.1_Vibrio_phage_vB_VpS_CA8,_complete_genome	NC_053012	68.000	0.003
MN102376.1_Vibrio_phage_vB_VpS_CA8,_complete_genome	MN505213	68.000	0.003
MN102376.1_Vibrio_phage_vB_VpS_CA8,_complete_genome	KX987999	85.700	0.001
MN102376.1_Vibrio_phage_vB_VpS_CA8,_complete_genome	NC_018860	85.700	0.001
MN102376.1_Vibrio_phage_vB_VpS_CA8,_complete_genome	JN797797	85.700	0.001
MN102376.1_Vibrio_phage_vB_VpS_CA8,_complete_genome	MK816297	77.200	0.002
MN102376.1_Vibrio_phage_vB_VpS_CA8,_complete_genome	OX335406	86.200	0.001
MN102376.1_Vibrio_phage_vB_VpS_CA8,_complete_genome	ON004963	86.200	0.001
MN102376.1_Vibrio_phage_vB_VpS_CA8,_complete_genome	OP764672	86.200	0.001
MN102376.1_Vibrio_phage_vB_VpS_CA8,_complete_genome	NC_055919	86.200	0.001
MN102376.1_Vibrio_phage_vB_VpS_CA8,_complete_genome	MW495044	86.200	0.001
MN102376.1_Vibrio_phage_vB_VpS_CA8,_complete_genome	OP413827	86.200	0.001
MN102376.1_Vibrio_phage_vB_VpS_CA8,_complete_genome	KX898400	85.000	0.001
MN102376.1_Vibrio_phage_vB_VpS_CA8,_complete_genome	OK040794	85.000	0.001
MN102376.1_Vibrio_phage_vB_VpS_CA8,_complete_genome	OM632672	80.500	0.001
MN102376.1_Vibrio_phage_vB_VpS_CA8,_complete_genome	OM632669	80.500	0.001
MN102376.1_Vibrio_phage_vB_VpS_CA8,_complete_genome	MK931297	80.500	0.001
MN102376.1_Vibrio_phage_vB_VpS_CA8,_complete_genome	EF056009	80.500	0.001
MN102376.1_Vibrio_phage_vB_VpS_CA8,_complete_genome	NC_008720	80.500	0.001
MN102376.1_Vibrio_phage_vB_VpS_CA8,_complete_genome	MH992123	80.500	0.001
MN102376.1_Vibrio_phage_vB_VpS_CA8,_complete_genome	OM632666	80.500	0.001
MN102376.1_Vibrio_phage_vB_VpS_CA8,_complete_genome	OM632664	80.500	0.001
MN102376.1_Vibrio_phage_vB_VpS_CA8,_complete_genome	OM632665	80.500	0.001
MN102376.1_Vibrio_phage_vB_VpS_CA8,_complete_genome	OW991345	80.500	0.001
MN102376.1_Vibrio_phage_vB_VpS_CA8,_complete_genome	OV049961	80.500	0.001
MN102376.1_Vibrio_phage_vB_VpS_CA8,_complete_genome	LR999871	80.500	0.001
MN102376.1_Vibrio_phage_vB_VpS_CA8,_complete_genome	ON528738	83.800	0.001
MN102376.1_Vibrio_phage_vB_VpS_CA8,_complete_genome	OP856590	83.800	0.001
MN102376.1_Vibrio_phage_vB_VpS_CA8,_complete_genome	NC_054904	83.800	0.001
MN102376.1_Vibrio_phage_vB_VpS_CA8,_complete_genome	MH051916	83.800	0.001
MN102376.1_Vibrio_phage_vB_VpS_CA8,_complete_genome	OM135583	83.800	0.001
MN102376.1_Vibrio_phage_vB_VpS_CA8,_complete_genome	OP172784	83.800	0.001
MN102376.1_Vibrio_phage_vB_VpS_CA8,_complete_genome	MT932213	83.800	0.001
MN102376.1_Vibrio_phage_vB_VpS_CA8,_complete_genome	MZ189262	83.800	0.001
MN102376.1_Vibrio_phage_vB_VpS_CA8,_complete_genome	OL960581	83.800	0.001
MN102376.1_Vibrio_phage_vB_VpS_CA8,_complete_genome	MZ417521	83.800	0.001
MN102376.1_Vibrio_phage_vB_VpS_CA8,_complete_genome	NC_055723	83.800	0.001
MN102376.1_Vibrio_phage_vB_VpS_CA8,_complete_genome	LR215723	83.800	0.001
MN102376.1_Vibrio_phage_vB_VpS_CA8,_complete_genome	MW749000	83.800	0.001
MN102376.1_Vibrio_phage_vB_VpS_CA8,_complete_genome	OL770073	83.800	0.001
MN102376.1_Vibrio_phage_vB_VpS_CA8,_complete_genome	KF208315	83.800	0.001
MN102376.1_Vibrio_phage_vB_VpS_CA8,_complete_genome	NC_027404	83.800	0.001
MN102376.1_Vibrio_phage_vB_VpS_CA8,_complete_genome	NC_054930	83.800	0.001
MN102376.1_Vibrio_phage_vB_VpS_CA8,_complete_genome	LC348379	83.800	0.001
MN102376.1_Vibrio_phage_vB_VpS_CA8,_complete_genome	ON229909	83.800	0.001
MN102376.1_Vibrio_phage_vB_VpS_CA8,_complete_genome	KJ668714	83.800	0.001
MN102376.1_Vibrio_phage_vB_VpS_CA8,_complete_genome	NC_024125	83.800	0.001
MN102376.1_Vibrio_phage_vB_VpS_CA8,_complete_genome	NC_054921	83.800	0.001
MN102376.1_Vibrio_phage_vB_VpS_CA8,_complete_genome	MT179807	83.800	0.001
MN102376.1_Vibrio_phage_vB_VpS_CA8,_complete_genome	KX130862	83.800	0.001
MN102376.1_Vibrio_phage_vB_VpS_CA8,_complete_genome	NC_031011	83.800	0.001
MN102376.1_Vibrio_phage_vB_VpS_CA8,_complete_genome	ON720975	83.800	0.001
MN102376.1_Vibrio_phage_vB_VpS_CA8,_complete_genome	OL362041	83.800	0.001
MN102376.1_Vibrio_phage_vB_VpS_CA8,_complete_genome	MW822011	83.800	0.001
MN102376.1_Vibrio_phage_vB_VpS_CA8,_complete_genome	MZ150757	83.800	0.001
MN102376.1_Vibrio_phage_vB_VpS_CA8,_complete_genome	MT682714	83.800	0.001
MN102376.1_Vibrio_phage_vB_VpS_CA8,_complete_genome	NC_054924	83.800	0.001
MN102376.1_Vibrio_phage_vB_VpS_CA8,_complete_genome	KX130861	83.800	0.001
MN102376.1_Vibrio_phage_vB_VpS_CA8,_complete_genome	NC_030953	83.800	0.001
MN102376.1_Vibrio_phage_vB_VpS_CA8,_complete_genome	NC_031047	83.800	0.001
MN102376.1_Vibrio_phage_vB_VpS_CA8,_complete_genome	KR269718	83.800	0.001
MN102376.1_Vibrio_phage_vB_VpS_CA8,_complete_genome	MK867354	82.000	0.001
MN102376.1_Vibrio_phage_vB_VpS_CA8,_complete_genome	AFYI01000003	78.000	0.001
MN102376.1_Vibrio_phage_vB_VpS_CA8,_complete_genome	AGRM01000003	78.000	0.001
MN102376.1_Vibrio_phage_vB_VpS_CA8,_complete_genome	KX198614	67.100	0.004
MN102376.1_Vibrio_phage_vB_VpS_CA8,_complete_genome	NC_069740	71.900	0.002
MN102376.1_Vibrio_phage_vB_VpS_CA8,_complete_genome	MK574078	71.900	0.002
MN102376.1_Vibrio_phage_vB_VpS_CA8,_complete_genome	LT907986	65.800	0.004
MN102376.1_Vibrio_phage_vB_VpS_CA8,_complete_genome	LR025196	65.800	0.004
MN102376.1_Vibrio_phage_vB_VpS_CA8,_complete_genome	LR025197	65.800	0.004
MN102376.1_Vibrio_phage_vB_VpS_CA8,_complete_genome	MZ501071	66.400	0.004
MN102376.1_Vibrio_phage_vB_VpS_CA8,_complete_genome	MW057856	66.600	0.004
MN102376.1_Vibrio_phage_vB_VpS_CA8,_complete_genome	MW057861	66.600	0.004
MN102376.1_Vibrio_phage_vB_VpS_CA8,_complete_genome	MT795651	73.500	0.002
MN102376.1_Vibrio_phage_vB_VpS_CA8,_complete_genome	NC_054918	81.800	0.001
MN102376.1_Vibrio_phage_vB_VpS_CA8,_complete_genome	MK327939	81.800	0.001
MN102376.1_Vibrio_phage_vB_VpS_CA8,_complete_genome	OK018184	83.600	0.001
MN102376.1_Vibrio_phage_vB_VpS_CA8,_complete_genome	MN018232	78.900	0.001
MN102376.1_Vibrio_phage_vB_VpS_CA8,_complete_genome	MT992243	65.700	0.004
MN102376.1_Vibrio_phage_vB_VpS_CA8,_complete_genome	MN504636	83.300	0.001
MN102376.1_Vibrio_phage_vB_VpS_CA8,_complete_genome	KR063281	77.900	0.001
MN102376.1_Vibrio_phage_vB_VpS_CA8,_complete_genome	OP557970	82.200	0.001
MN102376.1_Vibrio_phage_vB_VpS_CA8,_complete_genome	NC_015457	82.200	0.001
MN102376.1_Vibrio_phage_vB_VpS_CA8,_complete_genome	HM035025	82.200	0.001
MN102376.1_Vibrio_phage_vB_VpS_CA8,_complete_genome	NC_042077	82.200	0.001
MN102376.1_Vibrio_phage_vB_VpS_CA8,_complete_genome	MF327007	82.200	0.001
MN102376.1_Vibrio_phage_vB_VpS_CA8,_complete_genome	ON528739	82.200	0.001
MN102376.1_Vibrio_phage_vB_VpS_CA8,_complete_genome	OL870316	82.200	0.001
MN102376.1_Vibrio_phage_vB_VpS_CA8,_complete_genome	MZ726795	82.200	0.001
MN102376.1_Vibrio_phage_vB_VpS_CA8,_complete_genome	OK274152	82.200	0.001
MN102376.1_Vibrio_phage_vB_VpS_CA8,_complete_genome	MN508616	82.200	0.001
MN102376.1_Vibrio_phage_vB_VpS_CA8,_complete_genome	MN508617	82.200	0.001
MN102376.1_Vibrio_phage_vB_VpS_CA8,_complete_genome	MZ501113	82.200	0.001
MN102376.1_Vibrio_phage_vB_VpS_CA8,_complete_genome	MT515752	82.200	0.001
MN102376.1_Vibrio_phage_vB_VpS_CA8,_complete_genome	MT526905	82.200	0.001
MN102376.1_Vibrio_phage_vB_VpS_CA8,_complete_genome	OP870144	82.200	0.001
MN102376.1_Vibrio_phage_vB_VpS_CA8,_complete_genome	MT515754	82.200	0.001
MN102376.1_Vibrio_phage_vB_VpS_CA8,_complete_genome	MZ753803	82.200	0.001
MN102376.1_Vibrio_phage_vB_VpS_CA8,_complete_genome	NC_055724	82.200	0.001
MN102376.1_Vibrio_phage_vB_VpS_CA8,_complete_genome	LR215724	82.200	0.001
MN102376.1_Vibrio_phage_vB_VpS_CA8,_complete_genome	MG781191	82.200	0.001
MN102376.1_Vibrio_phage_vB_VpS_CA8,_complete_genome	OP172787	82.200	0.001
MN102376.1_Vibrio_phage_vB_VpS_CA8,_complete_genome	MG781190	82.200	0.001
MN102376.1_Vibrio_phage_vB_VpS_CA8,_complete_genome	NC_054914	82.200	0.001
MN102376.1_Vibrio_phage_vB_VpS_CA8,_complete_genome	LR597660	82.200	0.001
MN102376.1_Vibrio_phage_vB_VpS_CA8,_complete_genome	OL656107	82.200	0.001
MN102376.1_Vibrio_phage_vB_VpS_CA8,_complete_genome	MT682710	82.200	0.001
MN102376.1_Vibrio_phage_vB_VpS_CA8,_complete_genome	MN022785	82.200	0.001
MN102376.1_Vibrio_phage_vB_VpS_CA8,_complete_genome	OP172788	82.200	0.001
MN102376.1_Vibrio_phage_vB_VpS_CA8,_complete_genome	MT515756	82.200	0.001
MN102376.1_Vibrio_phage_vB_VpS_CA8,_complete_genome	OL741432	82.200	0.001
MN102376.1_Vibrio_phage_vB_VpS_CA8,_complete_genome	MZ501096	82.200	0.001
MN102376.1_Vibrio_phage_vB_VpS_CA8,_complete_genome	OP978391	82.200	0.001
MN102376.1_Vibrio_phage_vB_VpS_CA8,_complete_genome	MZ501089	82.200	0.001
MN102376.1_Vibrio_phage_vB_VpS_CA8,_complete_genome	OM386666	82.200	0.001
MN102376.1_Vibrio_phage_vB_VpS_CA8,_complete_genome	LC465543	82.200	0.001
MN102376.1_Vibrio_phage_vB_VpS_CA8,_complete_genome	MK327929	82.200	0.001
MN102376.1_Vibrio_phage_vB_VpS_CA8,_complete_genome	NC_054928	82.200	0.001
MN102376.1_Vibrio_phage_vB_VpS_CA8,_complete_genome	MH837626	82.200	0.001
MN102376.1_Vibrio_phage_vB_VpS_CA8,_complete_genome	OK275722	82.200	0.001
MN102376.1_Vibrio_phage_vB_VpS_CA8,_complete_genome	MK327940	82.200	0.001
MN102376.1_Vibrio_phage_vB_VpS_CA8,_complete_genome	MK327945	82.200	0.001
MN102376.1_Vibrio_phage_vB_VpS_CA8,_complete_genome	MT682712	82.200	0.001
MN102376.1_Vibrio_phage_vB_VpS_CA8,_complete_genome	NC_054912	82.200	0.001
MN102376.1_Vibrio_phage_vB_VpS_CA8,_complete_genome	MZ170041	82.200	0.001
MN102376.1_Vibrio_phage_vB_VpS_CA8,_complete_genome	MF001360	82.200	0.001
MN102376.1_Vibrio_phage_vB_VpS_CA8,_complete_genome	NC_054911	82.200	0.001
MN102376.1_Vibrio_phage_vB_VpS_CA8,_complete_genome	NC_054943	82.200	0.001
MN102376.1_Vibrio_phage_vB_VpS_CA8,_complete_genome	LR215722	82.200	0.001
MN102376.1_Vibrio_phage_vB_VpS_CA8,_complete_genome	OL870317	82.200	0.001
MN102376.1_Vibrio_phage_vB_VpS_CA8,_complete_genome	LR877332	82.200	0.001
MN102376.1_Vibrio_phage_vB_VpS_CA8,_complete_genome	MT828551	82.200	0.001
MN102376.1_Vibrio_phage_vB_VpS_CA8,_complete_genome	MT515751	82.200	0.001
MN102376.1_Vibrio_phage_vB_VpS_CA8,_complete_genome	MT828553	82.200	0.001
MN102376.1_Vibrio_phage_vB_VpS_CA8,_complete_genome	MH809535	82.200	0.001
MN102376.1_Vibrio_phage_vB_VpS_CA8,_complete_genome	NC_054944	82.200	0.001
MN102376.1_Vibrio_phage_vB_VpS_CA8,_complete_genome	NC_054915	82.200	0.001
MN102376.1_Vibrio_phage_vB_VpS_CA8,_complete_genome	MK373787	82.200	0.001
MN102376.1_Vibrio_phage_vB_VpS_CA8,_complete_genome	MF001354	82.200	0.001
MN102376.1_Vibrio_phage_vB_VpS_CA8,_complete_genome	NC_054936	82.200	0.001
MN102376.1_Vibrio_phage_vB_VpS_CA8,_complete_genome	MZ501098	82.200	0.001
MN102376.1_Vibrio_phage_vB_VpS_CA8,_complete_genome	MZ170040	82.200	0.001
MN102376.1_Vibrio_phage_vB_VpS_CA8,_complete_genome	MT764206	82.200	0.001
MN102376.1_Vibrio_phage_vB_VpS_CA8,_complete_genome	NC_054937	82.200	0.001
MN102376.1_Vibrio_phage_vB_VpS_CA8,_complete_genome	MN580668	82.200	0.001
MN102376.1_Vibrio_phage_vB_VpS_CA8,_complete_genome	OP870145	82.200	0.001
MN102376.1_Vibrio_phage_vB_VpS_CA8,_complete_genome	ON457559	71.800	0.002
MN102376.1_Vibrio_phage_vB_VpS_CA8,_complete_genome	ON457558	71.800	0.002
MN102376.1_Vibrio_phage_vB_VpS_CA8,_complete_genome	MK672798	65.400	0.004
MN102376.1_Vibrio_phage_vB_VpS_CA8,_complete_genome	KX534337	65.400	0.004
MN102376.1_Vibrio_phage_vB_VpS_CA8,_complete_genome	KU873925	85.700	0.001
MN102376.1_Vibrio_phage_vB_VpS_CA8,_complete_genome	NC_041881	85.700	0.001
MN102376.1_Vibrio_phage_vB_VpS_CA8,_complete_genome	MT345684	70.300	0.002
MN102376.1_Vibrio_phage_vB_VpS_CA8,_complete_genome	NC_048878	70.300	0.002
MN102376.1_Vibrio_phage_vB_VpS_CA8,_complete_genome	MF001359	81.900	0.001
MN102376.1_Vibrio_phage_vB_VpS_CA8,_complete_genome	NC_054909	81.900	0.001
MN102376.1_Vibrio_phage_vB_VpS_CA8,_complete_genome	MZ501091	63.800	0.006
MN102376.1_Vibrio_phage_vB_VpS_CA8,_complete_genome	MG592590	74.700	0.001
MN102376.1_Vibrio_phage_vB_VpS_CA8,_complete_genome	MK373779	80.600	0.001
MN102376.1_Vibrio_phage_vB_VpS_CA8,_complete_genome	NC_054920	80.600	0.001
MN102376.1_Vibrio_phage_vB_VpS_CA8,_complete_genome	MW117966	76.600	0.001
MN102376.1_Vibrio_phage_vB_VpS_CA8,_complete_genome	MT002875	75.000	0.001
MN102376.1_Vibrio_phage_vB_VpS_CA8,_complete_genome	KY379511	75.000	0.001
MN102376.1_Vibrio_phage_vB_VpS_CA8,_complete_genome	MZ501110	66.100	0.003
MN102376.1_Vibrio_phage_vB_VpS_CA8,_complete_genome	MZ398240	72.700	0.002
MN102376.1_Vibrio_phage_vB_VpS_CA8,_complete_genome	MG592462	74.400	0.001
MN102376.1_Vibrio_phage_vB_VpS_CA8,_complete_genome	MH362766	70.200	0.002
MN102376.1_Vibrio_phage_vB_VpS_CA8,_complete_genome	MT345684	72.200	0.002
MN102376.1_Vibrio_phage_vB_VpS_CA8,_complete_genome	NC_048878	72.200	0.002
MN102376.1_Vibrio_phage_vB_VpS_CA8,_complete_genome	MW114771	80.000	0.001
